archetype,build,slot,unit,x,y,stance
line,MilDeepRally,1,BannerGuard,6.40,22.00,Hold
line,MilDeepRally,2,BannerGuard,18.20,22.00,Hold
line,MilDeepRally,3,BannerGuard,30.00,22.00,Hold
line,MilDeepRally,4,BannerGuard,41.80,22.00,Hold
line,MilDeepRally,5,BannerGuard,53.60,22.00,Hold
line,MilDeepRally,6,SpearGuard,6.75,17.00,Hold
line,MilDeepRally,7,SpearGuard,18.90,17.00,Hold
line,MilDeepRally,8,SpearGuard,31.05,17.00,Hold
line,MilDeepRally,9,SpearGuard,43.20,17.00,Hold
line,MilDeepRally,10,Knights,54.30,17.00,Advance
line,MilDeepRally,11,Knights,30.00,12.00,Advance
refused,MilDeepRally,1,BannerGuard,38.20,22.00,Advance
refused,MilDeepRally,2,BannerGuard,51.80,22.00,Advance
refused,MilDeepRally,3,BannerGuard,38.20,16.00,Advance
refused,MilDeepRally,4,BannerGuard,51.80,16.00,Advance
refused,MilDeepRally,5,BannerGuard,38.20,11.00,Advance
refused,MilDeepRally,6,SpearGuard,51.80,11.00,Advance
refused,MilDeepRally,7,SpearGuard,8.20,12.00,Hold
refused,MilDeepRally,8,SpearGuard,21.80,12.00,Hold
refused,MilDeepRally,9,SpearGuard,8.90,6.00,Hold
refused,MilDeepRally,10,Knights,22.15,6.00,Hold
refused,MilDeepRally,11,Knights,15.00,1.00,Raid
wings,MilDeepRally,1,BannerGuard,6.20,22.00,Advance
wings,MilDeepRally,2,BannerGuard,17.80,22.00,Advance
wings,MilDeepRally,3,BannerGuard,6.20,17.00,Advance
wings,MilDeepRally,4,SpearGuard,17.80,17.00,Advance
wings,MilDeepRally,5,SpearGuard,6.90,12.00,Advance
wings,MilDeepRally,6,Knights,18.15,12.00,Raid
wings,MilDeepRally,7,BannerGuard,42.20,22.00,Advance
wings,MilDeepRally,8,BannerGuard,53.80,22.00,Advance
wings,MilDeepRally,9,SpearGuard,42.20,17.00,Advance
wings,MilDeepRally,10,SpearGuard,53.80,17.00,Advance
wings,MilDeepRally,11,Knights,48.00,12.00,Advance
column,MilDeepRally,1,BannerGuard,24.20,22.00,Advance
column,MilDeepRally,2,BannerGuard,35.80,22.00,Advance
column,MilDeepRally,3,BannerGuard,24.20,19.00,Advance
column,MilDeepRally,4,BannerGuard,35.80,19.00,Advance
column,MilDeepRally,5,BannerGuard,24.20,16.00,Advance
column,MilDeepRally,6,SpearGuard,35.80,16.00,Advance
column,MilDeepRally,7,SpearGuard,24.20,13.00,Advance
column,MilDeepRally,8,SpearGuard,35.80,13.00,Advance
column,MilDeepRally,9,SpearGuard,24.90,10.00,Advance
column,MilDeepRally,10,Knights,36.15,10.00,Advance
column,MilDeepRally,11,Knights,30.00,7.00,Advance
screened,MilDeepRally,1,BannerGuard,6.40,22.00,Hold
screened,MilDeepRally,2,BannerGuard,18.20,22.00,Hold
screened,MilDeepRally,3,BannerGuard,30.00,22.00,Hold
screened,MilDeepRally,4,BannerGuard,41.80,22.00,Hold
screened,MilDeepRally,5,BannerGuard,53.60,22.00,Hold
screened,MilDeepRally,6,SpearGuard,6.75,17.00,Hold
screened,MilDeepRally,7,SpearGuard,18.90,17.00,Hold
screened,MilDeepRally,8,SpearGuard,31.05,17.00,Hold
screened,MilDeepRally,9,SpearGuard,43.20,17.00,Hold
screened,MilDeepRally,10,Knights,54.30,17.00,Advance
screened,MilDeepRally,11,Knights,30.00,12.00,Advance
forward,MilDeepRally,1,BannerGuard,23.20,22.50,Advance
forward,MilDeepRally,2,BannerGuard,36.80,22.50,Advance
forward,MilDeepRally,3,BannerGuard,23.20,19.00,Advance
forward,MilDeepRally,4,BannerGuard,36.80,19.00,Advance
forward,MilDeepRally,5,BannerGuard,23.20,15.50,Advance
forward,MilDeepRally,6,SpearGuard,36.80,15.50,Advance
forward,MilDeepRally,7,SpearGuard,23.20,12.00,Advance
forward,MilDeepRally,8,SpearGuard,36.80,12.00,Advance
forward,MilDeepRally,9,SpearGuard,23.90,8.50,Advance
forward,MilDeepRally,10,Knights,37.15,8.50,Advance
forward,MilDeepRally,11,Knights,30.00,5.00,Advance
line,MilDeepBodkin,1,Longbowmen,6.07,22.00,Hold
line,MilDeepBodkin,2,Longbowmen,16.53,22.00,Hold
line,MilDeepBodkin,3,SpearGuard,28.00,22.00,Hold
line,MilDeepBodkin,4,SpearGuard,40.47,22.00,Hold
line,MilDeepBodkin,5,SpearGuard,52.93,22.00,Hold
line,MilDeepBodkin,6,SpearGuard,7.43,17.00,Hold
line,MilDeepBodkin,7,SpearGuard,20.27,17.00,Hold
line,MilDeepBodkin,8,Knights,32.05,17.00,Advance
line,MilDeepBodkin,9,Knights,42.78,17.00,Advance
line,MilDeepBodkin,10,Longbowmen,53.57,17.00,Hold
line,MilDeepBodkin,11,Longbowmen,30.00,12.00,Hold
refused,MilDeepBodkin,1,SpearGuard,38.20,22.00,Advance
refused,MilDeepBodkin,2,SpearGuard,51.80,22.00,Advance
refused,MilDeepBodkin,3,SpearGuard,38.20,16.00,Advance
refused,MilDeepBodkin,4,SpearGuard,51.80,16.00,Advance
refused,MilDeepBodkin,5,SpearGuard,38.90,11.00,Advance
refused,MilDeepBodkin,6,Knights,52.15,11.00,Raid
refused,MilDeepBodkin,7,Knights,5.27,12.00,Hold
refused,MilDeepBodkin,8,Longbowmen,14.95,12.00,Hold
refused,MilDeepBodkin,9,Longbowmen,24.68,12.00,Hold
refused,MilDeepBodkin,10,Longbowmen,8.53,6.00,Hold
refused,MilDeepBodkin,11,Longbowmen,21.47,6.00,Hold
wings,MilDeepBodkin,1,SpearGuard,6.20,22.00,Advance
wings,MilDeepBodkin,2,SpearGuard,17.80,22.00,Advance
wings,MilDeepBodkin,3,SpearGuard,6.90,17.00,Advance
wings,MilDeepBodkin,4,Knights,18.15,17.00,Raid
wings,MilDeepBodkin,5,Longbowmen,6.53,12.00,Advance
wings,MilDeepBodkin,6,Longbowmen,17.47,12.00,Advance
wings,MilDeepBodkin,7,SpearGuard,42.20,22.00,Advance
wings,MilDeepBodkin,8,SpearGuard,53.80,22.00,Advance
wings,MilDeepBodkin,9,Knights,42.52,17.00,Advance
wings,MilDeepBodkin,10,Longbowmen,53.43,17.00,Advance
wings,MilDeepBodkin,11,Longbowmen,48.00,12.00,Advance
column,MilDeepBodkin,1,SpearGuard,24.20,22.00,Advance
column,MilDeepBodkin,2,SpearGuard,35.80,22.00,Advance
column,MilDeepBodkin,3,SpearGuard,24.20,19.00,Advance
column,MilDeepBodkin,4,SpearGuard,35.80,19.00,Advance
column,MilDeepBodkin,5,SpearGuard,24.90,16.00,Advance
column,MilDeepBodkin,6,Knights,36.15,16.00,Advance
column,MilDeepBodkin,7,Knights,24.52,13.00,Advance
column,MilDeepBodkin,8,Longbowmen,35.43,13.00,Advance
column,MilDeepBodkin,9,Longbowmen,24.53,10.00,Advance
column,MilDeepBodkin,10,Longbowmen,35.47,10.00,Advance
column,MilDeepBodkin,11,Longbowmen,30.00,7.00,Advance
screened,MilDeepBodkin,1,SpearGuard,6.40,22.00,Hold
screened,MilDeepBodkin,2,SpearGuard,18.20,22.00,Hold
screened,MilDeepBodkin,3,SpearGuard,30.00,22.00,Hold
screened,MilDeepBodkin,4,SpearGuard,41.80,22.00,Hold
screened,MilDeepBodkin,5,SpearGuard,53.60,22.00,Hold
screened,MilDeepBodkin,6,Knights,18.55,17.00,Advance
screened,MilDeepBodkin,7,Knights,41.45,17.00,Advance
screened,MilDeepBodkin,8,Longbowmen,15.36,6.00,Hold
screened,MilDeepBodkin,9,Longbowmen,25.12,6.00,Hold
screened,MilDeepBodkin,10,Longbowmen,34.88,6.00,Hold
screened,MilDeepBodkin,11,Longbowmen,44.64,6.00,Hold
forward,MilDeepBodkin,1,SpearGuard,23.20,22.50,Advance
forward,MilDeepBodkin,2,SpearGuard,36.80,22.50,Advance
forward,MilDeepBodkin,3,SpearGuard,23.20,19.00,Advance
forward,MilDeepBodkin,4,SpearGuard,36.80,19.00,Advance
forward,MilDeepBodkin,5,SpearGuard,23.90,15.50,Advance
forward,MilDeepBodkin,6,Knights,37.15,15.50,Advance
forward,MilDeepBodkin,7,Knights,20.27,12.00,Advance
forward,MilDeepBodkin,8,Longbowmen,29.95,12.00,Advance
forward,MilDeepBodkin,9,Longbowmen,39.68,12.00,Advance
forward,MilDeepBodkin,10,Longbowmen,23.53,8.50,Advance
forward,MilDeepBodkin,11,Longbowmen,36.47,8.50,Advance
line,MagDeepChain,1,EmberMage,3.45,22.00,Hold
line,MagDeepChain,2,EmberMage,9.30,22.00,Hold
line,MagDeepChain,3,Lifewarden,18.15,22.00,Hold
line,MagDeepChain,4,Lifewarden,30.00,22.00,Hold
line,MagDeepChain,5,Lifewarden,41.85,22.00,Hold
line,MagDeepChain,6,Stormcaller,50.70,22.00,Advance
line,MagDeepChain,7,Stormcaller,56.55,22.00,Advance
line,MagDeepChain,8,Stormcaller,10.56,17.00,Advance
line,MagDeepChain,9,Stormcaller,23.52,17.00,Advance
line,MagDeepChain,10,EmberMage,36.48,17.00,Hold
line,MagDeepChain,11,EmberMage,49.44,17.00,Hold
refused,MagDeepChain,1,Lifewarden,38.20,22.00,Advance
refused,MagDeepChain,2,Lifewarden,51.80,22.00,Advance
refused,MagDeepChain,3,Lifewarden,36.36,16.00,Advance
refused,MagDeepChain,4,Stormcaller,45.12,16.00,Advance
refused,MagDeepChain,5,Stormcaller,50.88,16.00,Advance
refused,MagDeepChain,6,Stormcaller,56.64,16.00,Advance
refused,MagDeepChain,7,Stormcaller,3.40,12.00,Raid
refused,MagDeepChain,8,EmberMage,9.20,12.00,Hold
refused,MagDeepChain,9,EmberMage,15.00,12.00,Hold
refused,MagDeepChain,10,EmberMage,20.80,12.00,Hold
refused,MagDeepChain,11,EmberMage,26.60,12.00,Hold
wings,MagDeepChain,1,Lifewarden,6.20,22.00,Advance
wings,MagDeepChain,2,Lifewarden,17.80,22.00,Advance
wings,MagDeepChain,3,Stormcaller,3.36,17.00,Raid
wings,MagDeepChain,4,Stormcaller,9.12,17.00,Advance
wings,MagDeepChain,5,EmberMage,14.88,17.00,Advance
wings,MagDeepChain,6,EmberMage,20.64,17.00,Advance
wings,MagDeepChain,7,Lifewarden,42.30,22.00,Advance
wings,MagDeepChain,8,Stormcaller,51.00,22.00,Advance
wings,MagDeepChain,9,Stormcaller,56.70,22.00,Advance
wings,MagDeepChain,10,EmberMage,43.20,17.00,Advance
wings,MagDeepChain,11,EmberMage,52.80,17.00,Advance
column,MagDeepChain,1,Lifewarden,24.20,22.00,Advance
column,MagDeepChain,2,Lifewarden,35.80,22.00,Advance
column,MagDeepChain,3,Lifewarden,24.30,19.00,Advance
column,MagDeepChain,4,Stormcaller,33.00,19.00,Advance
column,MagDeepChain,5,Stormcaller,38.70,19.00,Advance
column,MagDeepChain,6,Stormcaller,21.36,16.00,Advance
column,MagDeepChain,7,Stormcaller,27.12,16.00,Advance
column,MagDeepChain,8,EmberMage,32.88,16.00,Advance
column,MagDeepChain,9,EmberMage,38.64,16.00,Advance
column,MagDeepChain,10,EmberMage,25.20,13.00,Advance
column,MagDeepChain,11,EmberMage,34.80,13.00,Advance
screened,MagDeepChain,1,Lifewarden,6.45,22.00,Hold
screened,MagDeepChain,2,Lifewarden,18.30,22.00,Hold
screened,MagDeepChain,3,Lifewarden,30.15,22.00,Hold
screened,MagDeepChain,4,Stormcaller,39.00,22.00,Advance
screened,MagDeepChain,5,Stormcaller,44.85,22.00,Advance
screened,MagDeepChain,6,Stormcaller,50.70,22.00,Advance
screened,MagDeepChain,7,Stormcaller,56.55,22.00,Advance
screened,MagDeepChain,8,EmberMage,16.56,6.00,Hold
screened,MagDeepChain,9,EmberMage,25.52,6.00,Hold
screened,MagDeepChain,10,EmberMage,34.48,6.00,Hold
screened,MagDeepChain,11,EmberMage,43.44,6.00,Hold
forward,MagDeepChain,1,Lifewarden,23.20,22.50,Advance
forward,MagDeepChain,2,Lifewarden,36.80,22.50,Advance
forward,MagDeepChain,3,Lifewarden,21.36,19.00,Advance
forward,MagDeepChain,4,Stormcaller,30.12,19.00,Advance
forward,MagDeepChain,5,Stormcaller,35.88,19.00,Advance
forward,MagDeepChain,6,Stormcaller,41.64,19.00,Advance
forward,MagDeepChain,7,Stormcaller,18.40,15.50,Advance
forward,MagDeepChain,8,EmberMage,24.20,15.50,Advance
forward,MagDeepChain,9,EmberMage,30.00,15.50,Advance
forward,MagDeepChain,10,EmberMage,35.80,15.50,Advance
forward,MagDeepChain,11,EmberMage,41.60,15.50,Advance
line,MagDeepFrost,1,EmberMage,4.29,22.00,Hold
line,MagDeepFrost,2,EmberMage,10.97,22.00,Hold
line,MagDeepFrost,3,EmberMage,17.66,22.00,Hold
line,MagDeepFrost,4,Lifewarden,27.34,22.00,Hold
line,MagDeepFrost,5,Lifewarden,40.03,22.00,Hold
line,MagDeepFrost,6,Lifewarden,52.71,22.00,Hold
line,MagDeepFrost,7,Lifewarden,10.40,17.00,Hold
line,MagDeepFrost,8,Frostcaller,23.20,17.00,Hold
line,MagDeepFrost,9,Frostcaller,33.00,17.00,Hold
line,MagDeepFrost,10,Frostcaller,42.80,17.00,Hold
line,MagDeepFrost,11,Frostcaller,52.60,17.00,Hold
refused,MagDeepFrost,1,Lifewarden,38.20,22.00,Advance
refused,MagDeepFrost,2,Lifewarden,51.80,22.00,Advance
refused,MagDeepFrost,3,Lifewarden,36.30,16.00,Raid
refused,MagDeepFrost,4,Lifewarden,48.00,16.00,Advance
refused,MagDeepFrost,5,EmberMage,56.70,16.00,Advance
refused,MagDeepFrost,6,EmberMage,45.00,11.00,Advance
refused,MagDeepFrost,7,EmberMage,3.40,12.00,Hold
refused,MagDeepFrost,8,Frostcaller,9.20,12.00,Hold
refused,MagDeepFrost,9,Frostcaller,15.00,12.00,Hold
refused,MagDeepFrost,10,Frostcaller,20.80,12.00,Hold
refused,MagDeepFrost,11,Frostcaller,26.60,12.00,Hold
wings,MagDeepFrost,1,Lifewarden,6.20,22.00,Raid
wings,MagDeepFrost,2,Lifewarden,17.80,22.00,Advance
wings,MagDeepFrost,3,EmberMage,3.36,17.00,Advance
wings,MagDeepFrost,4,EmberMage,9.12,17.00,Advance
wings,MagDeepFrost,5,Frostcaller,14.88,17.00,Advance
wings,MagDeepFrost,6,Frostcaller,20.64,17.00,Advance
wings,MagDeepFrost,7,Lifewarden,42.20,22.00,Advance
wings,MagDeepFrost,8,Lifewarden,53.80,22.00,Advance
wings,MagDeepFrost,9,EmberMage,40.80,17.00,Advance
wings,MagDeepFrost,10,Frostcaller,48.00,17.00,Advance
wings,MagDeepFrost,11,Frostcaller,55.20,17.00,Advance
column,MagDeepFrost,1,Lifewarden,24.20,22.00,Advance
column,MagDeepFrost,2,Lifewarden,35.80,22.00,Advance
column,MagDeepFrost,3,Lifewarden,24.20,19.00,Advance
column,MagDeepFrost,4,Lifewarden,35.80,19.00,Advance
column,MagDeepFrost,5,EmberMage,21.36,16.00,Advance
column,MagDeepFrost,6,EmberMage,27.12,16.00,Advance
column,MagDeepFrost,7,EmberMage,32.88,16.00,Advance
column,MagDeepFrost,8,Frostcaller,38.64,16.00,Advance
column,MagDeepFrost,9,Frostcaller,22.80,13.00,Advance
column,MagDeepFrost,10,Frostcaller,30.00,13.00,Advance
column,MagDeepFrost,11,Frostcaller,37.20,13.00,Advance
screened,MagDeepFrost,1,Lifewarden,8.76,22.00,Hold
screened,MagDeepFrost,2,Lifewarden,22.92,22.00,Hold
screened,MagDeepFrost,3,Lifewarden,37.08,22.00,Hold
screened,MagDeepFrost,4,Lifewarden,51.24,22.00,Hold
screened,MagDeepFrost,5,EmberMage,13.20,6.00,Hold
screened,MagDeepFrost,6,EmberMage,18.80,6.00,Hold
screened,MagDeepFrost,7,EmberMage,24.40,6.00,Hold
screened,MagDeepFrost,8,Frostcaller,30.00,6.00,Hold
screened,MagDeepFrost,9,Frostcaller,35.60,6.00,Hold
screened,MagDeepFrost,10,Frostcaller,41.20,6.00,Hold
screened,MagDeepFrost,11,Frostcaller,46.80,6.00,Hold
forward,MagDeepFrost,1,Lifewarden,23.20,22.50,Advance
forward,MagDeepFrost,2,Lifewarden,36.80,22.50,Advance
forward,MagDeepFrost,3,Lifewarden,21.30,19.00,Advance
forward,MagDeepFrost,4,Lifewarden,33.00,19.00,Advance
forward,MagDeepFrost,5,EmberMage,41.70,19.00,Advance
forward,MagDeepFrost,6,EmberMage,18.40,15.50,Advance
forward,MagDeepFrost,7,EmberMage,24.20,15.50,Advance
forward,MagDeepFrost,8,Frostcaller,30.00,15.50,Advance
forward,MagDeepFrost,9,Frostcaller,35.80,15.50,Advance
forward,MagDeepFrost,10,Frostcaller,41.60,15.50,Advance
forward,MagDeepFrost,11,Frostcaller,30.00,12.00,Advance
line,BeastDeepSing,1,Troll,3.59,22.00,Hold
line,BeastDeepSing,2,Direwolves,10.68,22.00,Advance
line,BeastDeepSing,3,Direwolves,18.57,22.00,Advance
line,BeastDeepSing,4,Direwolves,26.46,22.00,Advance
line,BeastDeepSing,5,Direwolves,34.34,22.00,Advance
line,BeastDeepSing,6,Griffin,41.83,22.00,Advance
line,BeastDeepSing,7,Griffin,48.92,22.00,Advance
line,BeastDeepSing,8,Griffin,56.01,22.00,Advance
line,BeastDeepSing,9,Griffin,10.46,17.00,Advance
line,BeastDeepSing,10,Griffin,24.02,17.00,Advance
line,BeastDeepSing,11,Troll,37.18,17.00,Hold
line,BeastDeepSing,12,Troll,49.94,17.00,Hold
refused,BeastDeepSing,1,Direwolves,35.75,22.00,Advance
refused,BeastDeepSing,2,Direwolves,45.00,22.00,Advance
refused,BeastDeepSing,3,Direwolves,54.25,22.00,Advance
refused,BeastDeepSing,4,Direwolves,36.15,16.00,Advance
refused,BeastDeepSing,5,Griffin,45.40,16.00,Advance
refused,BeastDeepSing,6,Griffin,54.25,16.00,Advance
refused,BeastDeepSing,7,Griffin,4.30,12.00,Raid
refused,BeastDeepSing,8,Griffin,11.70,12.00,Hold
refused,BeastDeepSing,9,Griffin,19.10,12.00,Hold
refused,BeastDeepSing,10,Troll,26.10,12.00,Hold
refused,BeastDeepSing,11,Troll,9.10,6.00,Hold
refused,BeastDeepSing,12,Troll,20.90,6.00,Hold
wings,BeastDeepSing,1,Direwolves,4.45,22.00,Advance
wings,BeastDeepSing,2,Direwolves,12.40,22.00,Advance
wings,BeastDeepSing,3,Griffin,19.95,22.00,Advance
wings,BeastDeepSing,4,Griffin,4.65,17.00,Raid
wings,BeastDeepSing,5,Griffin,12.40,17.00,Advance
wings,BeastDeepSing,6,Troll,19.75,17.00,Advance
wings,BeastDeepSing,7,Direwolves,40.45,22.00,Advance
wings,BeastDeepSing,8,Direwolves,48.40,22.00,Advance
wings,BeastDeepSing,9,Griffin,55.95,22.00,Advance
wings,BeastDeepSing,10,Griffin,40.85,17.00,Advance
wings,BeastDeepSing,11,Troll,48.40,17.00,Advance
wings,BeastDeepSing,12,Troll,55.55,17.00,Advance
column,BeastDeepSing,1,Direwolves,22.25,22.00,Advance
column,BeastDeepSing,2,Direwolves,30.00,22.00,Advance
column,BeastDeepSing,3,Direwolves,37.75,22.00,Advance
column,BeastDeepSing,4,Direwolves,22.65,19.00,Advance
column,BeastDeepSing,5,Griffin,30.40,19.00,Advance
column,BeastDeepSing,6,Griffin,37.75,19.00,Advance
column,BeastDeepSing,7,Griffin,22.45,16.00,Advance
column,BeastDeepSing,8,Griffin,30.00,16.00,Advance
column,BeastDeepSing,9,Griffin,37.55,16.00,Advance
column,BeastDeepSing,10,Troll,22.65,13.00,Advance
column,BeastDeepSing,11,Troll,30.00,13.00,Advance
column,BeastDeepSing,12,Troll,37.35,13.00,Advance
screened,BeastDeepSing,1,Direwolves,4.30,22.00,Advance
screened,BeastDeepSing,2,Direwolves,12.10,22.00,Advance
screened,BeastDeepSing,3,Direwolves,19.90,22.00,Advance
screened,BeastDeepSing,4,Direwolves,27.70,22.00,Advance
screened,BeastDeepSing,5,Griffin,35.10,22.00,Advance
screened,BeastDeepSing,6,Griffin,42.10,22.00,Advance
screened,BeastDeepSing,7,Griffin,49.10,22.00,Advance
screened,BeastDeepSing,8,Griffin,56.10,22.00,Advance
screened,BeastDeepSing,9,Griffin,30.00,17.00,Advance
screened,BeastDeepSing,10,Troll,18.65,6.00,Hold
screened,BeastDeepSing,11,Troll,30.00,6.00,Hold
screened,BeastDeepSing,12,Troll,41.35,6.00,Hold
forward,BeastDeepSing,1,Direwolves,20.75,22.50,Advance
forward,BeastDeepSing,2,Direwolves,30.00,22.50,Advance
forward,BeastDeepSing,3,Direwolves,39.25,22.50,Advance
forward,BeastDeepSing,4,Direwolves,19.38,19.00,Advance
forward,BeastDeepSing,5,Griffin,26.86,19.00,Advance
forward,BeastDeepSing,6,Griffin,33.94,19.00,Advance
forward,BeastDeepSing,7,Griffin,41.02,19.00,Advance
forward,BeastDeepSing,8,Griffin,19.46,15.50,Advance
forward,BeastDeepSing,9,Griffin,27.02,15.50,Advance
forward,BeastDeepSing,10,Troll,34.18,15.50,Advance
forward,BeastDeepSing,11,Troll,40.94,15.50,Advance
forward,BeastDeepSing,12,Troll,30.00,12.00,Advance
line,BeastDeepStone,1,Troll,4.53,22.00,Hold
line,BeastDeepStone,2,Stonebacks,13.41,22.00,Hold
line,BeastDeepStone,3,Stonebacks,23.94,22.00,Hold
line,BeastDeepStone,4,Stonebacks,34.46,22.00,Hold
line,BeastDeepStone,5,Stonebacks,44.99,22.00,Hold
line,BeastDeepStone,6,Direwolves,54.67,22.00,Advance
line,BeastDeepStone,7,Direwolves,6.53,17.00,Advance
line,BeastDeepStone,8,Direwolves,16.56,17.00,Advance
line,BeastDeepStone,9,Direwolves,26.59,17.00,Advance
line,BeastDeepStone,10,Direwolves,36.61,17.00,Advance
line,BeastDeepStone,11,Troll,45.84,17.00,Hold
line,BeastDeepStone,12,Troll,54.27,17.00,Hold
refused,BeastDeepStone,1,Stonebacks,35.33,22.00,Advance
refused,BeastDeepStone,2,Stonebacks,45.00,22.00,Advance
refused,BeastDeepStone,3,Stonebacks,54.68,22.00,Advance
refused,BeastDeepStone,4,Stonebacks,36.17,16.00,Advance
refused,BeastDeepStone,5,Direwolves,45.85,16.00,Advance
refused,BeastDeepStone,6,Direwolves,54.67,16.00,Advance
refused,BeastDeepStone,7,Direwolves,4.22,12.00,Raid
refused,BeastDeepStone,8,Direwolves,11.94,12.00,Hold
refused,BeastDeepStone,9,Direwolves,19.66,12.00,Hold
refused,BeastDeepStone,10,Troll,26.58,12.00,Hold
refused,BeastDeepStone,11,Troll,9.10,6.00,Hold
refused,BeastDeepStone,12,Troll,20.90,6.00,Hold
wings,BeastDeepStone,1,Stonebacks,6.55,22.00,Advance
wings,BeastDeepStone,2,Stonebacks,17.45,22.00,Advance
wings,BeastDeepStone,3,Direwolves,4.25,17.00,Raid
wings,BeastDeepStone,4,Direwolves,12.00,17.00,Advance
wings,BeastDeepStone,5,Direwolves,19.75,17.00,Advance
wings,BeastDeepStone,6,Troll,12.00,12.00,Advance
wings,BeastDeepStone,7,Stonebacks,42.55,22.00,Advance
wings,BeastDeepStone,8,Stonebacks,53.45,22.00,Advance
wings,BeastDeepStone,9,Direwolves,40.65,17.00,Advance
wings,BeastDeepStone,10,Direwolves,48.80,17.00,Advance
wings,BeastDeepStone,11,Troll,56.15,17.00,Advance
wings,BeastDeepStone,12,Troll,48.00,12.00,Advance
column,BeastDeepStone,1,Stonebacks,24.55,22.00,Advance
column,BeastDeepStone,2,Stonebacks,35.45,22.00,Advance
column,BeastDeepStone,3,Stonebacks,24.55,19.00,Advance
column,BeastDeepStone,4,Stonebacks,35.45,19.00,Advance
column,BeastDeepStone,5,Direwolves,22.25,16.00,Advance
column,BeastDeepStone,6,Direwolves,30.00,16.00,Advance
column,BeastDeepStone,7,Direwolves,37.75,16.00,Advance
column,BeastDeepStone,8,Direwolves,22.65,13.00,Advance
column,BeastDeepStone,9,Direwolves,30.80,13.00,Advance
column,BeastDeepStone,10,Troll,38.15,13.00,Advance
column,BeastDeepStone,11,Troll,25.10,10.00,Advance
column,BeastDeepStone,12,Troll,34.90,10.00,Advance
screened,BeastDeepStone,1,Stonebacks,5.95,22.00,Hold
screened,BeastDeepStone,2,Stonebacks,16.25,22.00,Hold
screened,BeastDeepStone,3,Stonebacks,26.55,22.00,Hold
screened,BeastDeepStone,4,Stonebacks,36.85,22.00,Hold
screened,BeastDeepStone,5,Direwolves,46.30,22.00,Advance
screened,BeastDeepStone,6,Direwolves,54.90,22.00,Advance
screened,BeastDeepStone,7,Direwolves,13.25,17.00,Advance
screened,BeastDeepStone,8,Direwolves,30.00,17.00,Advance
screened,BeastDeepStone,9,Direwolves,46.75,17.00,Advance
screened,BeastDeepStone,10,Troll,18.65,6.00,Hold
screened,BeastDeepStone,11,Troll,30.00,6.00,Hold
screened,BeastDeepStone,12,Troll,41.35,6.00,Hold
forward,BeastDeepStone,1,Stonebacks,20.33,22.50,Advance
forward,BeastDeepStone,2,Stonebacks,30.00,22.50,Advance
forward,BeastDeepStone,3,Stonebacks,39.68,22.50,Advance
forward,BeastDeepStone,4,Stonebacks,21.17,19.00,Advance
forward,BeastDeepStone,5,Direwolves,30.85,19.00,Advance
forward,BeastDeepStone,6,Direwolves,39.67,19.00,Advance
forward,BeastDeepStone,7,Direwolves,19.22,15.50,Advance
forward,BeastDeepStone,8,Direwolves,26.94,15.50,Advance
forward,BeastDeepStone,9,Direwolves,34.66,15.50,Advance
forward,BeastDeepStone,10,Troll,41.58,15.50,Advance
forward,BeastDeepStone,11,Troll,24.10,12.00,Advance
forward,BeastDeepStone,12,Troll,35.90,12.00,Advance
line,MilMagic,1,EmberMage,4.40,22.00,Hold
line,MilMagic,2,Lifewarden,14.20,22.00,Hold
line,MilMagic,3,Lifewarden,27.00,22.00,Hold
line,MilMagic,4,SpearGuard,39.80,22.00,Hold
line,MilMagic,5,SpearGuard,52.60,22.00,Hold
line,MilMagic,6,SpearGuard,6.17,17.00,Hold
line,MilMagic,7,SpearGuard,17.74,17.00,Hold
line,MilMagic,8,SpearGuard,29.31,17.00,Hold
line,MilMagic,9,Knights,39.84,17.00,Advance
line,MilMagic,10,Knights,49.31,17.00,Advance
line,MilMagic,11,EmberMage,56.83,17.00,Hold
line,MilMagic,12,EmberMage,30.00,12.00,Hold
refused,MilMagic,1,Lifewarden,38.20,22.00,Advance
refused,MilMagic,2,Lifewarden,51.80,22.00,Advance
refused,MilMagic,3,SpearGuard,38.20,16.00,Advance
refused,MilMagic,4,SpearGuard,51.80,16.00,Advance
refused,MilMagic,5,SpearGuard,38.20,11.00,Advance
refused,MilMagic,6,SpearGuard,51.80,11.00,Advance
refused,MilMagic,7,SpearGuard,8.90,12.00,Hold
refused,MilMagic,8,Knights,22.15,12.00,Hold
refused,MilMagic,9,Knights,5.73,6.00,Raid
refused,MilMagic,10,EmberMage,13.86,6.00,Hold
refused,MilMagic,11,EmberMage,20.04,6.00,Hold
refused,MilMagic,12,EmberMage,26.22,6.00,Hold
wings,MilMagic,1,Lifewarden,6.20,22.00,Advance
wings,MilMagic,2,SpearGuard,17.80,22.00,Advance
wings,MilMagic,3,SpearGuard,6.20,17.00,Advance
wings,MilMagic,4,SpearGuard,17.80,17.00,Advance
wings,MilMagic,5,Knights,7.85,12.00,Raid
wings,MilMagic,6,EmberMage,18.10,12.00,Advance
wings,MilMagic,7,Lifewarden,42.20,22.00,Advance
wings,MilMagic,8,SpearGuard,53.80,22.00,Advance
wings,MilMagic,9,SpearGuard,42.90,17.00,Advance
wings,MilMagic,10,Knights,54.15,17.00,Advance
wings,MilMagic,11,EmberMage,43.20,12.00,Advance
wings,MilMagic,12,EmberMage,52.80,12.00,Advance
column,MilMagic,1,Lifewarden,24.20,22.00,Advance
column,MilMagic,2,Lifewarden,35.80,22.00,Advance
column,MilMagic,3,SpearGuard,24.20,19.00,Advance
column,MilMagic,4,SpearGuard,35.80,19.00,Advance
column,MilMagic,5,SpearGuard,24.20,16.00,Advance
column,MilMagic,6,SpearGuard,35.80,16.00,Advance
column,MilMagic,7,SpearGuard,24.90,13.00,Advance
column,MilMagic,8,Knights,36.15,13.00,Advance
column,MilMagic,9,Knights,23.77,10.00,Advance
column,MilMagic,10,EmberMage,31.95,10.00,Advance
column,MilMagic,11,EmberMage,38.17,10.00,Advance
column,MilMagic,12,EmberMage,30.00,7.00,Advance
screened,MilMagic,1,Lifewarden,6.40,22.00,Hold
screened,MilMagic,2,Lifewarden,18.20,22.00,Hold
screened,MilMagic,3,SpearGuard,30.00,22.00,Hold
screened,MilMagic,4,SpearGuard,41.80,22.00,Hold
screened,MilMagic,5,SpearGuard,53.60,22.00,Hold
screened,MilMagic,6,SpearGuard,9.60,17.00,Hold
screened,MilMagic,7,SpearGuard,24.60,17.00,Hold
screened,MilMagic,8,Knights,38.55,17.00,Advance
screened,MilMagic,9,Knights,51.45,17.00,Advance
screened,MilMagic,10,EmberMage,18.80,6.00,Hold
screened,MilMagic,11,EmberMage,30.00,6.00,Hold
screened,MilMagic,12,EmberMage,41.20,6.00,Hold
forward,MilMagic,1,Lifewarden,23.20,22.50,Advance
forward,MilMagic,2,Lifewarden,36.80,22.50,Advance
forward,MilMagic,3,SpearGuard,23.20,19.00,Advance
forward,MilMagic,4,SpearGuard,36.80,19.00,Advance
forward,MilMagic,5,SpearGuard,23.20,15.50,Advance
forward,MilMagic,6,SpearGuard,36.80,15.50,Advance
forward,MilMagic,7,SpearGuard,23.90,12.00,Advance
forward,MilMagic,8,Knights,37.15,12.00,Advance
forward,MilMagic,9,Knights,20.73,8.50,Advance
forward,MilMagic,10,EmberMage,28.86,8.50,Advance
forward,MilMagic,11,EmberMage,35.04,8.50,Advance
forward,MilMagic,12,EmberMage,41.22,8.50,Advance
line,MilBeast,1,Troll,4.60,22.00,Hold
line,MilBeast,2,SpearGuard,14.60,22.00,Hold
line,MilBeast,3,SpearGuard,27.30,22.00,Hold
line,MilBeast,4,SpearGuard,40.00,22.00,Hold
line,MilBeast,5,SpearGuard,52.70,22.00,Hold
line,MilBeast,6,SpearGuard,6.94,17.00,Hold
line,MilBeast,7,Knights,18.24,17.00,Advance
line,MilBeast,8,Knights,28.48,17.00,Advance
line,MilBeast,9,Direwolves,37.87,17.00,Advance
line,MilBeast,10,Direwolves,46.41,17.00,Advance
line,MilBeast,11,Direwolves,54.96,17.00,Advance
line,MilBeast,12,Troll,30.00,12.00,Hold
refused,MilBeast,1,SpearGuard,38.20,22.00,Advance
refused,MilBeast,2,SpearGuard,51.80,22.00,Advance
refused,MilBeast,3,SpearGuard,38.20,16.00,Advance
refused,MilBeast,4,SpearGuard,51.80,16.00,Advance
refused,MilBeast,5,SpearGuard,38.90,11.00,Advance
refused,MilBeast,6,Knights,52.15,11.00,Advance
refused,MilBeast,7,Knights,6.17,12.00,Hold
refused,MilBeast,8,Direwolves,15.85,12.00,Hold
refused,MilBeast,9,Direwolves,24.67,12.00,Hold
refused,MilBeast,10,Direwolves,6.55,6.00,Raid
refused,MilBeast,11,Troll,15.80,6.00,Hold
refused,MilBeast,12,Troll,24.25,6.00,Hold
wings,MilBeast,1,SpearGuard,6.20,22.00,Advance
wings,MilBeast,2,SpearGuard,17.80,22.00,Advance
wings,MilBeast,3,SpearGuard,6.90,17.00,Advance
wings,MilBeast,4,Knights,18.15,17.00,Advance
wings,MilBeast,5,Direwolves,7.37,12.00,Raid
wings,MilBeast,6,Troll,17.43,12.00,Advance
wings,MilBeast,7,SpearGuard,42.20,22.00,Advance
wings,MilBeast,8,SpearGuard,53.80,22.00,Advance
wings,MilBeast,9,Knights,43.12,17.00,Advance
wings,MilBeast,10,Direwolves,53.73,17.00,Advance
wings,MilBeast,11,Direwolves,43.37,12.00,Advance
wings,MilBeast,12,Troll,53.43,12.00,Advance
column,MilBeast,1,SpearGuard,24.20,22.00,Advance
column,MilBeast,2,SpearGuard,35.80,22.00,Advance
column,MilBeast,3,SpearGuard,24.20,19.00,Advance
column,MilBeast,4,SpearGuard,35.80,19.00,Advance
column,MilBeast,5,SpearGuard,24.90,16.00,Advance
column,MilBeast,6,Knights,36.15,16.00,Advance
column,MilBeast,7,Knights,25.12,13.00,Advance
column,MilBeast,8,Direwolves,35.73,13.00,Advance
column,MilBeast,9,Direwolves,22.65,10.00,Advance
column,MilBeast,10,Direwolves,30.80,10.00,Advance
column,MilBeast,11,Troll,38.15,10.00,Advance
column,MilBeast,12,Troll,30.00,7.00,Advance
screened,MilBeast,1,SpearGuard,6.40,22.00,Hold
screened,MilBeast,2,SpearGuard,18.20,22.00,Hold
screened,MilBeast,3,SpearGuard,30.00,22.00,Hold
screened,MilBeast,4,SpearGuard,41.80,22.00,Hold
screened,MilBeast,5,SpearGuard,53.60,22.00,Hold
screened,MilBeast,6,Knights,7.95,17.00,Advance
screened,MilBeast,7,Knights,20.25,17.00,Advance
screened,MilBeast,8,Direwolves,31.70,17.00,Advance
screened,MilBeast,9,Direwolves,42.30,17.00,Advance
screened,MilBeast,10,Direwolves,52.90,17.00,Advance
screened,MilBeast,11,Troll,22.43,6.00,Hold
screened,MilBeast,12,Troll,37.57,6.00,Hold
forward,MilBeast,1,SpearGuard,23.20,22.50,Advance
forward,MilBeast,2,SpearGuard,36.80,22.50,Advance
forward,MilBeast,3,SpearGuard,23.20,19.00,Advance
forward,MilBeast,4,SpearGuard,36.80,19.00,Advance
forward,MilBeast,5,SpearGuard,23.90,15.50,Advance
forward,MilBeast,6,Knights,37.15,15.50,Advance
forward,MilBeast,7,Knights,21.17,12.00,Advance
forward,MilBeast,8,Direwolves,30.85,12.00,Advance
forward,MilBeast,9,Direwolves,39.67,12.00,Advance
forward,MilBeast,10,Direwolves,21.55,8.50,Advance
forward,MilBeast,11,Troll,30.80,8.50,Advance
forward,MilBeast,12,Troll,39.25,8.50,Advance
line,MagicBeast,1,Troll,3.80,22.00,Hold
line,MagicBeast,2,Troll,10.30,22.00,Hold
line,MagicBeast,3,EmberMage,16.50,22.00,Hold
line,MagicBeast,4,Lifewarden,25.40,22.00,Hold
line,MagicBeast,5,Lifewarden,37.30,22.00,Hold
line,MagicBeast,6,Direwolves,47.30,22.00,Advance
line,MagicBeast,7,Direwolves,55.40,22.00,Advance
line,MagicBeast,8,Direwolves,8.77,17.00,Advance
line,MagicBeast,9,Direwolves,21.03,17.00,Advance
line,MagicBeast,10,EmberMage,32.20,17.00,Hold
line,MagicBeast,11,EmberMage,42.27,17.00,Hold
line,MagicBeast,12,EmberMage,52.33,17.00,Hold
refused,MagicBeast,1,Lifewarden,38.20,22.00,Advance
refused,MagicBeast,2,Lifewarden,51.80,22.00,Advance
refused,MagicBeast,3,Direwolves,35.75,16.00,Advance
refused,MagicBeast,4,Direwolves,45.00,16.00,Advance
refused,MagicBeast,5,Direwolves,54.25,16.00,Advance
refused,MagicBeast,6,Direwolves,45.00,11.00,Raid
refused,MagicBeast,7,Troll,3.50,12.00,Hold
refused,MagicBeast,8,Troll,9.70,12.00,Hold
refused,MagicBeast,9,EmberMage,15.60,12.00,Hold
refused,MagicBeast,10,EmberMage,21.20,12.00,Hold
refused,MagicBeast,11,EmberMage,26.80,12.00,Hold
refused,MagicBeast,12,EmberMage,15.00,6.00,Hold
wings,MagicBeast,1,Lifewarden,7.47,22.00,Advance
wings,MagicBeast,2,Direwolves,18.43,22.00,Advance
wings,MagicBeast,3,Direwolves,5.20,17.00,Raid
wings,MagicBeast,4,Troll,13.10,17.00,Advance
wings,MagicBeast,5,EmberMage,19.90,17.00,Advance
wings,MagicBeast,6,EmberMage,12.00,12.00,Advance
wings,MagicBeast,7,Lifewarden,43.47,22.00,Advance
wings,MagicBeast,8,Direwolves,54.43,22.00,Advance
wings,MagicBeast,9,Direwolves,41.20,17.00,Advance
wings,MagicBeast,10,Troll,49.10,17.00,Advance
wings,MagicBeast,11,EmberMage,55.90,17.00,Advance
wings,MagicBeast,12,EmberMage,48.00,12.00,Advance
column,MagicBeast,1,Lifewarden,24.20,22.00,Advance
column,MagicBeast,2,Lifewarden,35.80,22.00,Advance
column,MagicBeast,3,Direwolves,22.25,19.00,Advance
column,MagicBeast,4,Direwolves,30.00,19.00,Advance
column,MagicBeast,5,Direwolves,37.75,19.00,Advance
column,MagicBeast,6,Direwolves,23.05,16.00,Advance
column,MagicBeast,7,Troll,30.80,16.00,Advance
column,MagicBeast,8,Troll,37.75,16.00,Advance
column,MagicBeast,9,EmberMage,21.36,13.00,Advance
column,MagicBeast,10,EmberMage,27.12,13.00,Advance
column,MagicBeast,11,EmberMage,32.88,13.00,Advance
column,MagicBeast,12,EmberMage,38.64,13.00,Advance
screened,MagicBeast,1,Lifewarden,6.89,22.00,Hold
screened,MagicBeast,2,Lifewarden,19.17,22.00,Hold
screened,MagicBeast,3,Direwolves,29.56,22.00,Advance
screened,MagicBeast,4,Direwolves,38.04,22.00,Advance
screened,MagicBeast,5,Direwolves,46.53,22.00,Advance
screened,MagicBeast,6,Direwolves,55.01,22.00,Advance
screened,MagicBeast,7,Troll,14.13,6.00,Hold
screened,MagicBeast,8,Troll,20.96,6.00,Hold
screened,MagicBeast,9,EmberMage,27.49,6.00,Hold
screened,MagicBeast,10,EmberMage,33.71,6.00,Hold
screened,MagicBeast,11,EmberMage,39.94,6.00,Hold
screened,MagicBeast,12,EmberMage,46.17,6.00,Hold
forward,MagicBeast,1,Lifewarden,23.20,22.50,Advance
forward,MagicBeast,2,Lifewarden,36.80,22.50,Advance
forward,MagicBeast,3,Direwolves,20.75,19.00,Advance
forward,MagicBeast,4,Direwolves,30.00,19.00,Advance
forward,MagicBeast,5,Direwolves,39.25,19.00,Advance
forward,MagicBeast,6,Direwolves,19.98,15.50,Advance
forward,MagicBeast,7,Troll,27.66,15.50,Advance
forward,MagicBeast,8,Troll,34.54,15.50,Advance
forward,MagicBeast,9,EmberMage,41.12,15.50,Advance
forward,MagicBeast,10,EmberMage,21.30,12.00,Advance
forward,MagicBeast,11,EmberMage,30.00,12.00,Advance
forward,MagicBeast,12,EmberMage,38.70,12.00,Advance
line,PureMilitary,1,SpearGuard,6.40,22.00,Hold
line,PureMilitary,2,SpearGuard,18.20,22.00,Hold
line,PureMilitary,3,SpearGuard,30.00,22.00,Hold
line,PureMilitary,4,SpearGuard,41.80,22.00,Hold
line,PureMilitary,5,SpearGuard,53.60,22.00,Hold
line,PureMilitary,6,SpearGuard,7.10,17.00,Hold
line,PureMilitary,7,SpearGuard,19.60,17.00,Hold
line,PureMilitary,8,SpearGuard,32.10,17.00,Hold
line,PureMilitary,9,Knights,43.55,17.00,Advance
line,PureMilitary,10,Knights,53.95,17.00,Advance
line,PureMilitary,11,Knights,18.55,12.00,Advance
line,PureMilitary,12,Knights,41.45,12.00,Advance
refused,PureMilitary,1,SpearGuard,38.20,22.00,Advance
refused,PureMilitary,2,SpearGuard,51.80,22.00,Advance
refused,PureMilitary,3,SpearGuard,38.20,16.00,Advance
refused,PureMilitary,4,SpearGuard,51.80,16.00,Advance
refused,PureMilitary,5,SpearGuard,38.20,11.00,Advance
refused,PureMilitary,6,SpearGuard,51.80,11.00,Advance
refused,PureMilitary,7,SpearGuard,8.20,12.00,Hold
refused,PureMilitary,8,SpearGuard,21.80,12.00,Hold
refused,PureMilitary,9,Knights,5.33,6.00,Hold
refused,PureMilitary,10,Knights,15.00,6.00,Hold
refused,PureMilitary,11,Knights,24.68,6.00,Hold
refused,PureMilitary,12,Knights,15.00,1.00,Raid
wings,PureMilitary,1,SpearGuard,6.20,22.00,Advance
wings,PureMilitary,2,SpearGuard,17.80,22.00,Advance
wings,PureMilitary,3,SpearGuard,6.20,17.00,Advance
wings,PureMilitary,4,SpearGuard,17.80,17.00,Advance
wings,PureMilitary,5,Knights,6.55,12.00,Raid
wings,PureMilitary,6,Knights,17.45,12.00,Advance
wings,PureMilitary,7,SpearGuard,42.20,22.00,Advance
wings,PureMilitary,8,SpearGuard,53.80,22.00,Advance
wings,PureMilitary,9,SpearGuard,42.20,17.00,Advance
wings,PureMilitary,10,SpearGuard,53.80,17.00,Advance
wings,PureMilitary,11,Knights,42.55,12.00,Advance
wings,PureMilitary,12,Knights,53.45,12.00,Advance
column,PureMilitary,1,SpearGuard,24.20,22.00,Advance
column,PureMilitary,2,SpearGuard,35.80,22.00,Advance
column,PureMilitary,3,SpearGuard,24.20,19.00,Advance
column,PureMilitary,4,SpearGuard,35.80,19.00,Advance
column,PureMilitary,5,SpearGuard,24.20,16.00,Advance
column,PureMilitary,6,SpearGuard,35.80,16.00,Advance
column,PureMilitary,7,SpearGuard,24.20,13.00,Advance
column,PureMilitary,8,SpearGuard,35.80,13.00,Advance
column,PureMilitary,9,Knights,24.55,10.00,Advance
column,PureMilitary,10,Knights,35.45,10.00,Advance
column,PureMilitary,11,Knights,24.55,7.00,Advance
column,PureMilitary,12,Knights,35.45,7.00,Advance
screened,PureMilitary,1,SpearGuard,6.40,22.00,Hold
screened,PureMilitary,2,SpearGuard,18.20,22.00,Hold
screened,PureMilitary,3,SpearGuard,30.00,22.00,Hold
screened,PureMilitary,4,SpearGuard,41.80,22.00,Hold
screened,PureMilitary,5,SpearGuard,53.60,22.00,Hold
screened,PureMilitary,6,SpearGuard,7.10,17.00,Hold
screened,PureMilitary,7,SpearGuard,19.60,17.00,Hold
screened,PureMilitary,8,SpearGuard,32.10,17.00,Hold
screened,PureMilitary,9,Knights,43.55,17.00,Advance
screened,PureMilitary,10,Knights,53.95,17.00,Advance
screened,PureMilitary,11,Knights,18.55,12.00,Advance
screened,PureMilitary,12,Knights,41.45,12.00,Advance
forward,PureMilitary,1,SpearGuard,23.20,22.50,Advance
forward,PureMilitary,2,SpearGuard,36.80,22.50,Advance
forward,PureMilitary,3,SpearGuard,23.20,19.00,Advance
forward,PureMilitary,4,SpearGuard,36.80,19.00,Advance
forward,PureMilitary,5,SpearGuard,23.20,15.50,Advance
forward,PureMilitary,6,SpearGuard,36.80,15.50,Advance
forward,PureMilitary,7,SpearGuard,23.20,12.00,Advance
forward,PureMilitary,8,SpearGuard,36.80,12.00,Advance
forward,PureMilitary,9,Knights,20.33,8.50,Advance
forward,PureMilitary,10,Knights,30.00,8.50,Advance
forward,PureMilitary,11,Knights,39.68,8.50,Advance
forward,PureMilitary,12,Knights,30.00,5.00,Advance
line,PureMagic,1,EmberMage,4.29,22.00,Hold
line,PureMagic,2,EmberMage,10.97,22.00,Hold
line,PureMagic,3,EmberMage,17.66,22.00,Hold
line,PureMagic,4,Lifewarden,27.34,22.00,Hold
line,PureMagic,5,Lifewarden,40.03,22.00,Hold
line,PureMagic,6,Lifewarden,52.71,22.00,Hold
line,PureMagic,7,Lifewarden,7.29,17.00,Hold
line,PureMagic,8,Lifewarden,19.97,17.00,Hold
line,PureMagic,9,Lifewarden,32.66,17.00,Hold
line,PureMagic,10,EmberMage,42.34,17.00,Hold
line,PureMagic,11,EmberMage,49.03,17.00,Hold
line,PureMagic,12,EmberMage,55.71,17.00,Hold
refused,PureMagic,1,Lifewarden,38.20,22.00,Advance
refused,PureMagic,2,Lifewarden,51.80,22.00,Advance
refused,PureMagic,3,Lifewarden,38.20,16.00,Advance
refused,PureMagic,4,Lifewarden,51.80,16.00,Advance
refused,PureMagic,5,Lifewarden,38.20,11.00,Raid
refused,PureMagic,6,Lifewarden,51.80,11.00,Advance
refused,PureMagic,7,EmberMage,3.40,12.00,Hold
refused,PureMagic,8,EmberMage,9.20,12.00,Hold
refused,PureMagic,9,EmberMage,15.00,12.00,Hold
refused,PureMagic,10,EmberMage,20.80,12.00,Hold
refused,PureMagic,11,EmberMage,26.60,12.00,Hold
refused,PureMagic,12,EmberMage,15.00,6.00,Hold
wings,PureMagic,1,Lifewarden,6.20,22.00,Advance
wings,PureMagic,2,Lifewarden,17.80,22.00,Advance
wings,PureMagic,3,Lifewarden,6.30,17.00,Raid
wings,PureMagic,4,EmberMage,15.00,17.00,Advance
wings,PureMagic,5,EmberMage,20.70,17.00,Advance
wings,PureMagic,6,EmberMage,12.00,12.00,Advance
wings,PureMagic,7,Lifewarden,42.20,22.00,Advance
wings,PureMagic,8,Lifewarden,53.80,22.00,Advance
wings,PureMagic,9,Lifewarden,42.30,17.00,Advance
wings,PureMagic,10,EmberMage,51.00,17.00,Advance
wings,PureMagic,11,EmberMage,56.70,17.00,Advance
wings,PureMagic,12,EmberMage,48.00,12.00,Advance
column,PureMagic,1,Lifewarden,24.20,22.00,Advance
column,PureMagic,2,Lifewarden,35.80,22.00,Advance
column,PureMagic,3,Lifewarden,24.20,19.00,Advance
column,PureMagic,4,Lifewarden,35.80,19.00,Advance
column,PureMagic,5,Lifewarden,24.20,16.00,Advance
column,PureMagic,6,Lifewarden,35.80,16.00,Advance
column,PureMagic,7,EmberMage,21.36,13.00,Advance
column,PureMagic,8,EmberMage,27.12,13.00,Advance
column,PureMagic,9,EmberMage,32.88,13.00,Advance
column,PureMagic,10,EmberMage,38.64,13.00,Advance
column,PureMagic,11,EmberMage,25.20,10.00,Advance
column,PureMagic,12,EmberMage,34.80,10.00,Advance
screened,PureMagic,1,Lifewarden,6.40,22.00,Hold
screened,PureMagic,2,Lifewarden,18.20,22.00,Hold
screened,PureMagic,3,Lifewarden,30.00,22.00,Hold
screened,PureMagic,4,Lifewarden,41.80,22.00,Hold
screened,PureMagic,5,Lifewarden,53.60,22.00,Hold
screened,PureMagic,6,Lifewarden,30.00,17.00,Hold
screened,PureMagic,7,EmberMage,14.00,6.00,Hold
screened,PureMagic,8,EmberMage,20.40,6.00,Hold
screened,PureMagic,9,EmberMage,26.80,6.00,Hold
screened,PureMagic,10,EmberMage,33.20,6.00,Hold
screened,PureMagic,11,EmberMage,39.60,6.00,Hold
screened,PureMagic,12,EmberMage,46.00,6.00,Hold
forward,PureMagic,1,Lifewarden,23.20,22.50,Advance
forward,PureMagic,2,Lifewarden,36.80,22.50,Advance
forward,PureMagic,3,Lifewarden,23.20,19.00,Advance
forward,PureMagic,4,Lifewarden,36.80,19.00,Advance
forward,PureMagic,5,Lifewarden,21.30,15.50,Advance
forward,PureMagic,6,Lifewarden,33.00,15.50,Advance
forward,PureMagic,7,EmberMage,41.70,15.50,Advance
forward,PureMagic,8,EmberMage,18.40,12.00,Advance
forward,PureMagic,9,EmberMage,24.20,12.00,Advance
forward,PureMagic,10,EmberMage,30.00,12.00,Advance
forward,PureMagic,11,EmberMage,35.80,12.00,Advance
forward,PureMagic,12,EmberMage,41.60,12.00,Advance
line,PureBeast,1,Troll,3.50,22.00,Hold
line,PureBeast,2,Troll,9.70,22.00,Hold
line,PureBeast,3,Direwolves,16.70,22.00,Advance
line,PureBeast,4,Direwolves,24.50,22.00,Advance
line,PureBeast,5,Direwolves,32.30,22.00,Advance
line,PureBeast,6,Direwolves,40.10,22.00,Advance
line,PureBeast,7,Direwolves,47.90,22.00,Advance
line,PureBeast,8,Direwolves,55.70,22.00,Advance
line,PureBeast,9,Direwolves,10.86,17.00,Advance
line,PureBeast,10,Troll,24.42,17.00,Hold
line,PureBeast,11,Troll,37.18,17.00,Hold
line,PureBeast,12,Troll,49.94,17.00,Hold
refused,PureBeast,1,Direwolves,35.75,22.00,Advance
refused,PureBeast,2,Direwolves,45.00,22.00,Advance
refused,PureBeast,3,Direwolves,54.25,22.00,Advance
refused,PureBeast,4,Direwolves,35.75,16.00,Advance
refused,PureBeast,5,Direwolves,45.00,16.00,Advance
refused,PureBeast,6,Direwolves,54.25,16.00,Advance
refused,PureBeast,7,Direwolves,4.86,12.00,Raid
refused,PureBeast,8,Troll,12.42,12.00,Hold
refused,PureBeast,9,Troll,19.18,12.00,Hold
refused,PureBeast,10,Troll,25.94,12.00,Hold
refused,PureBeast,11,Troll,9.10,6.00,Hold
refused,PureBeast,12,Troll,20.90,6.00,Hold
wings,PureBeast,1,Direwolves,4.25,22.00,Advance
wings,PureBeast,2,Direwolves,12.00,22.00,Advance
wings,PureBeast,3,Direwolves,19.75,22.00,Advance
wings,PureBeast,4,Direwolves,5.05,17.00,Raid
wings,PureBeast,5,Troll,12.80,17.00,Advance
wings,PureBeast,6,Troll,19.75,17.00,Advance
wings,PureBeast,7,Direwolves,40.25,22.00,Advance
wings,PureBeast,8,Direwolves,48.00,22.00,Advance
wings,PureBeast,9,Direwolves,55.75,22.00,Advance
wings,PureBeast,10,Troll,40.65,17.00,Advance
wings,PureBeast,11,Troll,48.00,17.00,Advance
wings,PureBeast,12,Troll,55.35,17.00,Advance
column,PureBeast,1,Direwolves,22.25,22.00,Advance
column,PureBeast,2,Direwolves,30.00,22.00,Advance
column,PureBeast,3,Direwolves,37.75,22.00,Advance
column,PureBeast,4,Direwolves,22.25,19.00,Advance
column,PureBeast,5,Direwolves,30.00,19.00,Advance
column,PureBeast,6,Direwolves,37.75,19.00,Advance
column,PureBeast,7,Direwolves,23.05,16.00,Advance
column,PureBeast,8,Troll,30.80,16.00,Advance
column,PureBeast,9,Troll,37.75,16.00,Advance
column,PureBeast,10,Troll,22.65,13.00,Advance
column,PureBeast,11,Troll,30.00,13.00,Advance
column,PureBeast,12,Troll,37.35,13.00,Advance
screened,PureBeast,1,Direwolves,4.88,22.00,Advance
screened,PureBeast,2,Direwolves,13.25,22.00,Advance
screened,PureBeast,3,Direwolves,21.62,22.00,Advance
screened,PureBeast,4,Direwolves,30.00,22.00,Advance
screened,PureBeast,5,Direwolves,38.38,22.00,Advance
screened,PureBeast,6,Direwolves,46.75,22.00,Advance
screened,PureBeast,7,Direwolves,55.12,22.00,Advance
screened,PureBeast,8,Troll,14.87,6.00,Hold
screened,PureBeast,9,Troll,22.43,6.00,Hold
screened,PureBeast,10,Troll,30.00,6.00,Hold
screened,PureBeast,11,Troll,37.57,6.00,Hold
screened,PureBeast,12,Troll,45.13,6.00,Hold
forward,PureBeast,1,Direwolves,20.75,22.50,Advance
forward,PureBeast,2,Direwolves,30.00,22.50,Advance
forward,PureBeast,3,Direwolves,39.25,22.50,Advance
forward,PureBeast,4,Direwolves,20.75,19.00,Advance
forward,PureBeast,5,Direwolves,30.00,19.00,Advance
forward,PureBeast,6,Direwolves,39.25,19.00,Advance
forward,PureBeast,7,Direwolves,19.86,15.50,Advance
forward,PureBeast,8,Troll,27.42,15.50,Advance
forward,PureBeast,9,Troll,34.18,15.50,Advance
forward,PureBeast,10,Troll,40.94,15.50,Advance
forward,PureBeast,11,Troll,24.10,12.00,Advance
forward,PureBeast,12,Troll,35.90,12.00,Advance
line,SpearGuard12,1,SpearGuard,6.40,22.00,Hold
line,SpearGuard12,2,SpearGuard,18.20,22.00,Hold
line,SpearGuard12,3,SpearGuard,30.00,22.00,Hold
line,SpearGuard12,4,SpearGuard,41.80,22.00,Hold
line,SpearGuard12,5,SpearGuard,53.60,22.00,Hold
line,SpearGuard12,6,SpearGuard,6.40,17.00,Hold
line,SpearGuard12,7,SpearGuard,18.20,17.00,Hold
line,SpearGuard12,8,SpearGuard,30.00,17.00,Hold
line,SpearGuard12,9,SpearGuard,41.80,17.00,Hold
line,SpearGuard12,10,SpearGuard,53.60,17.00,Hold
line,SpearGuard12,11,SpearGuard,18.20,12.00,Hold
line,SpearGuard12,12,SpearGuard,41.80,12.00,Hold
refused,SpearGuard12,1,SpearGuard,38.20,22.00,Advance
refused,SpearGuard12,2,SpearGuard,51.80,22.00,Advance
refused,SpearGuard12,3,SpearGuard,38.20,16.00,Advance
refused,SpearGuard12,4,SpearGuard,51.80,16.00,Advance
refused,SpearGuard12,5,SpearGuard,38.20,11.00,Advance
refused,SpearGuard12,6,SpearGuard,51.80,11.00,Advance
refused,SpearGuard12,7,SpearGuard,8.20,12.00,Hold
refused,SpearGuard12,8,SpearGuard,21.80,12.00,Hold
refused,SpearGuard12,9,SpearGuard,8.20,6.00,Hold
refused,SpearGuard12,10,SpearGuard,21.80,6.00,Hold
refused,SpearGuard12,11,SpearGuard,8.20,1.00,Raid
refused,SpearGuard12,12,SpearGuard,21.80,1.00,Hold
wings,SpearGuard12,1,SpearGuard,6.20,22.00,Advance
wings,SpearGuard12,2,SpearGuard,17.80,22.00,Advance
wings,SpearGuard12,3,SpearGuard,6.20,17.00,Advance
wings,SpearGuard12,4,SpearGuard,17.80,17.00,Advance
wings,SpearGuard12,5,SpearGuard,6.20,12.00,Raid
wings,SpearGuard12,6,SpearGuard,17.80,12.00,Advance
wings,SpearGuard12,7,SpearGuard,42.20,22.00,Advance
wings,SpearGuard12,8,SpearGuard,53.80,22.00,Advance
wings,SpearGuard12,9,SpearGuard,42.20,17.00,Advance
wings,SpearGuard12,10,SpearGuard,53.80,17.00,Advance
wings,SpearGuard12,11,SpearGuard,42.20,12.00,Advance
wings,SpearGuard12,12,SpearGuard,53.80,12.00,Advance
column,SpearGuard12,1,SpearGuard,24.20,22.00,Advance
column,SpearGuard12,2,SpearGuard,35.80,22.00,Advance
column,SpearGuard12,3,SpearGuard,24.20,19.00,Advance
column,SpearGuard12,4,SpearGuard,35.80,19.00,Advance
column,SpearGuard12,5,SpearGuard,24.20,16.00,Advance
column,SpearGuard12,6,SpearGuard,35.80,16.00,Advance
column,SpearGuard12,7,SpearGuard,24.20,13.00,Advance
column,SpearGuard12,8,SpearGuard,35.80,13.00,Advance
column,SpearGuard12,9,SpearGuard,24.20,10.00,Advance
column,SpearGuard12,10,SpearGuard,35.80,10.00,Advance
column,SpearGuard12,11,SpearGuard,24.20,7.00,Advance
column,SpearGuard12,12,SpearGuard,35.80,7.00,Advance
screened,SpearGuard12,1,SpearGuard,6.40,22.00,Hold
screened,SpearGuard12,2,SpearGuard,18.20,22.00,Hold
screened,SpearGuard12,3,SpearGuard,30.00,22.00,Hold
screened,SpearGuard12,4,SpearGuard,41.80,22.00,Hold
screened,SpearGuard12,5,SpearGuard,53.60,22.00,Hold
screened,SpearGuard12,6,SpearGuard,6.40,17.00,Hold
screened,SpearGuard12,7,SpearGuard,18.20,17.00,Hold
screened,SpearGuard12,8,SpearGuard,30.00,17.00,Hold
screened,SpearGuard12,9,SpearGuard,41.80,17.00,Hold
screened,SpearGuard12,10,SpearGuard,53.60,17.00,Hold
screened,SpearGuard12,11,SpearGuard,18.20,12.00,Hold
screened,SpearGuard12,12,SpearGuard,41.80,12.00,Hold
forward,SpearGuard12,1,SpearGuard,23.20,22.50,Advance
forward,SpearGuard12,2,SpearGuard,36.80,22.50,Advance
forward,SpearGuard12,3,SpearGuard,23.20,19.00,Advance
forward,SpearGuard12,4,SpearGuard,36.80,19.00,Advance
forward,SpearGuard12,5,SpearGuard,23.20,15.50,Advance
forward,SpearGuard12,6,SpearGuard,36.80,15.50,Advance
forward,SpearGuard12,7,SpearGuard,23.20,12.00,Advance
forward,SpearGuard12,8,SpearGuard,36.80,12.00,Advance
forward,SpearGuard12,9,SpearGuard,23.20,8.50,Advance
forward,SpearGuard12,10,SpearGuard,36.80,8.50,Advance
forward,SpearGuard12,11,SpearGuard,23.20,5.00,Advance
forward,SpearGuard12,12,SpearGuard,36.80,5.00,Advance
line,Direwolves12,1,Direwolves,4.88,22.00,Advance
line,Direwolves12,2,Direwolves,13.25,22.00,Advance
line,Direwolves12,3,Direwolves,21.62,22.00,Advance
line,Direwolves12,4,Direwolves,30.00,22.00,Advance
line,Direwolves12,5,Direwolves,38.38,22.00,Advance
line,Direwolves12,6,Direwolves,46.75,22.00,Advance
line,Direwolves12,7,Direwolves,55.12,22.00,Advance
line,Direwolves12,8,Direwolves,7.67,17.00,Advance
line,Direwolves12,9,Direwolves,18.83,17.00,Advance
line,Direwolves12,10,Direwolves,30.00,17.00,Advance
line,Direwolves12,11,Direwolves,41.17,17.00,Advance
line,Direwolves12,12,Direwolves,52.33,17.00,Advance
refused,Direwolves12,1,Direwolves,35.75,22.00,Advance
refused,Direwolves12,2,Direwolves,45.00,22.00,Advance
refused,Direwolves12,3,Direwolves,54.25,22.00,Advance
refused,Direwolves12,4,Direwolves,35.75,16.00,Advance
refused,Direwolves12,5,Direwolves,45.00,16.00,Advance
refused,Direwolves12,6,Direwolves,54.25,16.00,Advance
refused,Direwolves12,7,Direwolves,5.75,12.00,Hold
refused,Direwolves12,8,Direwolves,15.00,12.00,Hold
refused,Direwolves12,9,Direwolves,24.25,12.00,Hold
refused,Direwolves12,10,Direwolves,5.75,6.00,Raid
refused,Direwolves12,11,Direwolves,15.00,6.00,Hold
refused,Direwolves12,12,Direwolves,24.25,6.00,Hold
wings,Direwolves12,1,Direwolves,4.25,22.00,Advance
wings,Direwolves12,2,Direwolves,12.00,22.00,Advance
wings,Direwolves12,3,Direwolves,19.75,22.00,Advance
wings,Direwolves12,4,Direwolves,4.25,17.00,Raid
wings,Direwolves12,5,Direwolves,12.00,17.00,Advance
wings,Direwolves12,6,Direwolves,19.75,17.00,Advance
wings,Direwolves12,7,Direwolves,40.25,22.00,Advance
wings,Direwolves12,8,Direwolves,48.00,22.00,Advance
wings,Direwolves12,9,Direwolves,55.75,22.00,Advance
wings,Direwolves12,10,Direwolves,40.25,17.00,Advance
wings,Direwolves12,11,Direwolves,48.00,17.00,Advance
wings,Direwolves12,12,Direwolves,55.75,17.00,Advance
column,Direwolves12,1,Direwolves,22.25,22.00,Advance
column,Direwolves12,2,Direwolves,30.00,22.00,Advance
column,Direwolves12,3,Direwolves,37.75,22.00,Advance
column,Direwolves12,4,Direwolves,22.25,19.00,Advance
column,Direwolves12,5,Direwolves,30.00,19.00,Advance
column,Direwolves12,6,Direwolves,37.75,19.00,Advance
column,Direwolves12,7,Direwolves,22.25,16.00,Advance
column,Direwolves12,8,Direwolves,30.00,16.00,Advance
column,Direwolves12,9,Direwolves,37.75,16.00,Advance
column,Direwolves12,10,Direwolves,22.25,13.00,Advance
column,Direwolves12,11,Direwolves,30.00,13.00,Advance
column,Direwolves12,12,Direwolves,37.75,13.00,Advance
screened,Direwolves12,1,Direwolves,4.88,22.00,Advance
screened,Direwolves12,2,Direwolves,13.25,22.00,Advance
screened,Direwolves12,3,Direwolves,21.62,22.00,Advance
screened,Direwolves12,4,Direwolves,30.00,22.00,Advance
screened,Direwolves12,5,Direwolves,38.38,22.00,Advance
screened,Direwolves12,6,Direwolves,46.75,22.00,Advance
screened,Direwolves12,7,Direwolves,55.12,22.00,Advance
screened,Direwolves12,8,Direwolves,7.67,17.00,Advance
screened,Direwolves12,9,Direwolves,18.83,17.00,Advance
screened,Direwolves12,10,Direwolves,30.00,17.00,Advance
screened,Direwolves12,11,Direwolves,41.17,17.00,Advance
screened,Direwolves12,12,Direwolves,52.33,17.00,Advance
forward,Direwolves12,1,Direwolves,20.75,22.50,Advance
forward,Direwolves12,2,Direwolves,30.00,22.50,Advance
forward,Direwolves12,3,Direwolves,39.25,22.50,Advance
forward,Direwolves12,4,Direwolves,20.75,19.00,Advance
forward,Direwolves12,5,Direwolves,30.00,19.00,Advance
forward,Direwolves12,6,Direwolves,39.25,19.00,Advance
forward,Direwolves12,7,Direwolves,20.75,15.50,Advance
forward,Direwolves12,8,Direwolves,30.00,15.50,Advance
forward,Direwolves12,9,Direwolves,39.25,15.50,Advance
forward,Direwolves12,10,Direwolves,20.75,12.00,Advance
forward,Direwolves12,11,Direwolves,30.00,12.00,Advance
forward,Direwolves12,12,Direwolves,39.25,12.00,Advance
line,CommonHeavy,1,Hunters,6.00,22.00,Hold
line,CommonHeavy,2,Hunters,16.40,22.00,Hold
line,CommonHeavy,3,Hunters,26.80,22.00,Hold
line,CommonHeavy,4,Hunters,37.20,22.00,Hold
line,CommonHeavy,5,Militia,46.60,22.00,Hold
line,CommonHeavy,6,Militia,55.00,22.00,Hold
line,CommonHeavy,7,Militia,6.14,17.00,Hold
line,CommonHeavy,8,Militia,15.69,17.00,Hold
line,CommonHeavy,9,Militia,25.23,17.00,Hold
line,CommonHeavy,10,Militia,34.77,17.00,Hold
line,CommonHeavy,11,Militia,44.31,17.00,Hold
line,CommonHeavy,12,Militia,53.86,17.00,Hold
refused,CommonHeavy,1,Hunters,35.30,22.00,Advance
refused,CommonHeavy,2,Hunters,45.00,22.00,Advance
refused,CommonHeavy,3,Hunters,54.70,22.00,Advance
refused,CommonHeavy,4,Hunters,36.30,16.00,Advance
refused,CommonHeavy,5,Militia,46.00,16.00,Advance
refused,CommonHeavy,6,Militia,54.70,16.00,Advance
refused,CommonHeavy,7,Militia,5.80,12.00,Hold
refused,CommonHeavy,8,Militia,15.00,12.00,Hold
refused,CommonHeavy,9,Militia,24.20,12.00,Hold
refused,CommonHeavy,10,Militia,5.80,6.00,Raid
refused,CommonHeavy,11,Militia,15.00,6.00,Hold
refused,CommonHeavy,12,Militia,24.20,6.00,Hold
wings,CommonHeavy,1,Hunters,6.53,22.00,Advance
wings,CommonHeavy,2,Hunters,17.47,22.00,Advance
wings,CommonHeavy,3,Militia,4.30,17.00,Advance
wings,CommonHeavy,4,Militia,12.00,17.00,Advance
wings,CommonHeavy,5,Militia,19.70,17.00,Advance
wings,CommonHeavy,6,Militia,12.00,12.00,Raid
wings,CommonHeavy,7,Hunters,42.53,22.00,Advance
wings,CommonHeavy,8,Hunters,53.47,22.00,Advance
wings,CommonHeavy,9,Militia,40.30,17.00,Advance
wings,CommonHeavy,10,Militia,48.00,17.00,Advance
wings,CommonHeavy,11,Militia,55.70,17.00,Advance
wings,CommonHeavy,12,Militia,48.00,12.00,Advance
column,CommonHeavy,1,Hunters,24.53,22.00,Advance
column,CommonHeavy,2,Hunters,35.47,22.00,Advance
column,CommonHeavy,3,Hunters,24.53,19.00,Advance
column,CommonHeavy,4,Hunters,35.47,19.00,Advance
column,CommonHeavy,5,Militia,22.30,16.00,Advance
column,CommonHeavy,6,Militia,30.00,16.00,Advance
column,CommonHeavy,7,Militia,37.70,16.00,Advance
column,CommonHeavy,8,Militia,22.30,13.00,Advance
column,CommonHeavy,9,Militia,30.00,13.00,Advance
column,CommonHeavy,10,Militia,37.70,13.00,Advance
column,CommonHeavy,11,Militia,24.87,10.00,Advance
column,CommonHeavy,12,Militia,35.13,10.00,Advance
screened,CommonHeavy,1,Hunters,6.00,22.00,Hold
screened,CommonHeavy,2,Hunters,16.40,22.00,Hold
screened,CommonHeavy,3,Hunters,26.80,22.00,Hold
screened,CommonHeavy,4,Hunters,37.20,22.00,Hold
screened,CommonHeavy,5,Militia,46.60,22.00,Hold
screened,CommonHeavy,6,Militia,55.00,22.00,Hold
screened,CommonHeavy,7,Militia,6.14,17.00,Hold
screened,CommonHeavy,8,Militia,15.69,17.00,Hold
screened,CommonHeavy,9,Militia,25.23,17.00,Hold
screened,CommonHeavy,10,Militia,34.77,17.00,Hold
screened,CommonHeavy,11,Militia,44.31,17.00,Hold
screened,CommonHeavy,12,Militia,53.86,17.00,Hold
forward,CommonHeavy,1,Hunters,20.30,22.50,Advance
forward,CommonHeavy,2,Hunters,30.00,22.50,Advance
forward,CommonHeavy,3,Hunters,39.70,22.50,Advance
forward,CommonHeavy,4,Hunters,21.30,19.00,Advance
forward,CommonHeavy,5,Militia,31.00,19.00,Advance
forward,CommonHeavy,6,Militia,39.70,19.00,Advance
forward,CommonHeavy,7,Militia,20.80,15.50,Advance
forward,CommonHeavy,8,Militia,30.00,15.50,Advance
forward,CommonHeavy,9,Militia,39.20,15.50,Advance
forward,CommonHeavy,10,Militia,20.80,12.00,Advance
forward,CommonHeavy,11,Militia,30.00,12.00,Advance
forward,CommonHeavy,12,Militia,39.20,12.00,Advance
